Robot,Delta_muestra,Input_d,d_ref,vel_ref,Input_vel,Input_theta,Output_d,Output_vel,Output_theta,curvatura,vel_crucero,curvatura_predecesor,control
L,0.08668303489685059,22.0,22.2,0.0,0.0,0.002074528057543873,0,0,0,0,0.0,0.0,True
L,0.08759546279907227,22.2,22.2,0.0,0.0,0.0020694189623050255,0,0,0,0,0.0,0.0,True
L,0.08859634399414062,21.9,22.2,0.0,0.0,0.0020637193901232756,0,0,0,0,0.0,0.0,True
L,0.08914875984191895,22.1,22.2,0.0,0.0,0.0020762835108643638,0,0,0,0,0.0,0.0,True
L,0.08951735496520996,21.8,22.2,0.0,0.0,0.0020705648848421453,0,0,0,0,0.0,0.0,True
L,0.08620405197143555,22.0,22.2,0.0,0.0,0.002077449699684619,0,0,0,0,0.0,0.0,True
L,0.08715510368347168,22.1,22.2,0.0,0.0,0.002066777039699979,0,0,0,0,0.0,0.0,True
L,0.08979272842407227,22.0,22.2,0.0,0.0,0.002066265441090628,0,0,0,0,0.0,0.0,True
L,0.0899209976196289,22.2,22.2,0.0,0.0,0.002071409983301026,0,0,0,0,0.0,0.0,True
L,0.08926129341125488,22.0,22.2,0.0,0.0,0.002070141076433996,0,0,0,0,0.0,0.0,True
L,0.0906517505645752,21.9,22.2,0.0,0.0,0.0020811140821298912,0,0,0,0,0.0,0.0,True
L,0.09108591079711914,21.7,22.2,0.0,0.0,0.0020735774799475136,0,0,0,0,0.0,0.0,True
L,0.09328150749206543,22.1,22.2,0.0,0.0,0.002084922419908713,0,0,0,0,0.0,0.0,True
L,0.08823657035827637,22.0,22.2,0.0,0.0,0.0020722955557981376,0,0,0,0,0.0,0.0,True
L,0.09058070182800293,21.9,22.2,0.0,0.0,0.0020666427115354664,0,0,0,0,0.0,0.0,True
L,0.09116578102111816,22.1,22.2,0.0,0.0,0.002068792435272181,0,0,0,0,0.0,0.0,True
L,0.08930420875549316,22.3,22.2,0.0,0.0,0.002067066564934431,0,0,0,0,0.0,0.0,True
L,0.08964228630065918,21.9,22.2,0.0,0.0,0.002075160898163946,0,0,0,0,0.0,0.0,True
L,0.08996868133544922,21.9,22.2,0.0,0.0,0.0020714405967089404,0,0,0,0,0.0,0.0,True
L,0.0919196605682373,22.1,22.2,0.0,0.0,0.0020874203208927503,0,0,0,0,0.0,0.0,True
L,0.09002351760864258,22.2,22.2,0.0,0.0,0.0020744985729804735,0,0,0,0,0.0,0.0,True
L,0.08997035026550293,22.1,22.2,0.0,0.0,0.0020666427115354664,0,0,0,0,0.0,0.0,True
L,0.0913240909576416,21.9,22.2,0.0,0.0,0.0020721377005334545,0,0,0,0,0.0,0.0,True
L,0.09172749519348145,21.9,22.2,0.0,0.0,0.0020688361176966243,0,0,0,0,0.0,0.0,True
L,0.0910346508026123,22.4,22.2,0.0,0.0,0.0020732036527194475,0,0,0,0,0.0,0.0,True
L,0.09099960327148438,22.1,22.2,0.0,0.0,0.0020670731535060664,0,0,0,0,0.0,0.0,True
L,0.09118413925170898,21.9,22.2,0.0,0.0,0.0020815378279195784,0,0,0,0,0.0,0.0,True
L,0.09031438827514648,22.0,22.2,0.0,0.0,0.0020727388352271164,0,0,0,0,0.0,0.0,True
L,0.08820033073425293,22.3,22.2,0.0,0.0,0.0020701786706336695,0,0,0,0,0.0,0.0,True
L,0.08931899070739746,21.8,22.2,0.0,0.0,0.0020685137408156715,0,0,0,0,0.0,0.0,True
L,0.09090948104858398,22.1,22.2,0.0,0.0,0.002064614408361221,0,0,0,0,0.0,0.0,True
L,0.09115767478942871,21.7,22.2,0.0,0.0,0.0020729162864996514,0,0,0,0,0.0,0.0,True
L,0.09165787696838379,22.2,22.2,0.0,0.0,0.002069718478448928,0,0,0,0,0.0,0.0,True
L,0.09120631217956543,22.0,22.2,0.0,0.0,0.00206925511423165,0,0,0,0,0.0,0.0,True
L,0.09106206893920898,22.0,22.2,0.0,0.0,0.0020759899496680073,0,0,0,0,0.0,0.0,True
L,0.08942484855651855,22.0,22.2,0.0,0.0,0.002086621365238636,0,0,0,0,0.0,0.0,True
L,0.08981108665466309,22.4,22.2,0.0,0.0,0.0020749136387848274,0,0,0,0,0.0,0.0,True
L,0.09111952781677246,21.9,22.2,0.0,0.0,0.0020679083420815864,0,0,0,0,0.0,0.0,True
L,0.08959770202636719,22.1,22.2,0.0,0.0,0.0020675026162805745,0,0,0,0,0.0,0.0,True
L,0.08997011184692383,21.7,22.2,0.0,0.0,0.0020641432623847754,0,0,0,0,0.0,0.0,True
L,0.09095954895019531,22.0,22.2,0.0,0.0,0.002082274492038016,0,0,0,0,0.0,0.0,True
L,0.09125614166259766,21.9,22.2,0.0,0.0,0.0020740391687409485,0,0,0,0,0.0,0.0,True
L,0.09153890609741211,21.8,22.2,0.0,0.0,0.002083165613402962,0,0,0,0,0.0,0.0,True
L,0.08855915069580078,22.3,22.2,0.0,0.0,0.0020637092996799752,0,0,0,0,0.0,0.0,True
L,0.09114217758178711,22.2,22.2,0.0,0.0,0.0020666427115354664,0,0,0,0,0.0,0.0,True
L,0.09143829345703125,22.0,22.2,0.0,0.0,0.00207141895367815,0,0,0,0,0.0,0.0,True
L,0.09103989601135254,21.9,22.2,0.0,0.0,0.0020692599610802184,0,0,0,0,0.0,0.0,True
L,0.08962249755859375,21.9,22.2,0.0,0.0,0.0020745407088882295,0,0,0,0,0.0,0.0,True
L,0.0896449089050293,22.5,22.2,0.0,0.0,0.0020688234121720526,0,0,0,0,0.0,0.0,True
L,0.08997368812561035,21.9,22.2,0.0,0.0,0.0020845693771608387,0,0,0,0,0.0,0.0,True
L,0.08880949020385742,21.7,22.2,0.0,0.0,0.0020698437485114412,0,0,0,0,0.0,0.0,True
L,0.08902144432067871,22.0,22.2,0.0,0.0,0.0020637193901232756,0,0,0,0,0.0,0.0,True
L,0.09081363677978516,22.0,22.2,0.0,0.0,0.00206933716746332,0,0,0,0,0.0,0.0,True
L,0.09138679504394531,22.0,22.2,0.0,0.0,0.002068944886617294,0,0,0,0,0.0,0.0,True
L,0.09341597557067871,22.0,22.2,0.0,0.0,0.0020692637958704537,0,0,0,0,0.0,0.0,True
L,0.0893259048461914,22.2,22.2,0.0,0.0,0.0020714393296022886,0,0,0,0,0.0,0.0,True
L,0.0903770923614502,22.0,22.2,0.0,0.0,0.0020811140821298912,0,0,0,0,0.0,0.0,True
L,0.09324908256530762,22.6,22.2,0.0,0.0,0.0020659001190121216,0,0,0,0,0.0,0.0,True
L,0.09041619300842285,22.3,22.2,0.0,0.0,0.0020934204524674545,0,0,0,0,0.0,0.0,True
L,0.08960223197937012,21.6,22.2,0.0,0.0,0.002069871919088316,0,0,0,0,0.0,0.0,True
L,0.09091711044311523,22.1,22.2,0.0,0.0,0.0020616005727979317,0,0,0,0,0.0,0.0,True
L,0.09111285209655762,22.2,22.2,0.0,0.0,0.0020680625679346857,0,0,0,0,0.0,0.0,True
L,0.09088754653930664,21.9,22.2,0.0,0.0,0.0020688361176966243,0,0,0,0,0.0,0.0,True
L,0.09109020233154297,22.0,22.2,0.0,0.0,0.0020788328015915814,0,0,0,0,0.0,0.0,True
L,0.0908808708190918,21.9,22.2,0.0,0.0,0.002067789887527202,0,0,0,0,0.0,0.0,True
L,0.09165382385253906,22.2,22.2,0.0,0.0,0.002085806442748105,0,0,0,0,0.0,0.0,True
L,0.08905172348022461,21.7,22.2,0.0,0.0,0.002070547822182329,0,0,0,0,0.0,0.0,True
L,0.09002304077148438,22.0,22.2,0.0,0.0,0.0020720804536573734,0,0,0,0,0.0,0.0,True
L,0.09104776382446289,22.1,22.2,0.0,0.0,0.0020693996533861954,0,0,0,0,0.0,0.0,True
L,0.09015488624572754,21.9,22.2,0.0,0.0,0.002068384194062414,0,0,0,0,0.0,0.0,True
L,0.09114646911621094,21.9,22.2,0.0,0.0,0.002076409602401008,0,0,0,0,0.0,0.0,True
L,0.09145545959472656,22.1,22.2,0.0,0.0,0.0020714742089049326,0,0,0,0,0.0,0.0,True
L,0.09093880653381348,21.6,22.2,0.0,0.0,0.002083731043165011,0,0,0,0,0.0,0.0,True
L,0.08858895301818848,21.7,22.2,0.0,0.0,0.002070545444078453,0,0,0,0,0.0,0.0,True
L,0.09075665473937988,21.9,22.2,0.0,0.0,0.0020781536655577935,0,0,0,0,0.0,0.0,True
L,0.09099721908569336,21.8,22.2,0.0,0.0,0.002069380916245465,0,0,0,0,0.0,0.0,True
L,0.09077191352844238,22.2,22.2,0.0,0.0,0.002061864602741771,0,0,0,0,0.0,0.0,True
L,0.09103250503540039,22.1,22.2,0.0,0.0,0.0020663405536898018,0,0,0,0,0.0,0.0,True
L,0.090728759765625,22.0,22.2,0.0,0.0,0.002070141076433996,0,0,0,0,0.0,0.0,True
L,0.09011244773864746,22.1,22.2,0.0,0.0,0.002073410709138057,0,0,0,0,0.0,0.0,True
L,0.08856773376464844,22.0,22.2,0.0,0.0,0.0020672450195054165,0,0,0,0,0.0,0.0,True
L,0.0898447036743164,22.0,22.2,0.0,0.0,0.0020758981589391466,0,0,0,0,0.0,0.0,True
L,0.09080767631530762,22.1,22.2,0.0,0.0,0.002074098763301102,0,0,0,0,0.0,0.0,True
L,0.09112286567687988,22.2,22.2,0.0,0.0,0.0020629194985979054,0,0,0,0,0.0,0.0,True
L,0.09098625183105469,22.0,22.2,0.0,0.0,0.0020685587658100264,0,0,0,0,0.0,0.0,True
L,0.09115147590637207,22.0,22.2,0.0,0.0,0.002071597036273137,0,0,0,0,0.0,0.0,True
L,0.09081244468688965,21.9,22.2,0.0,0.0,0.002077306969845318,0,0,0,0,0.0,0.0,True
L,0.09156489372253418,21.9,22.2,0.0,0.0,0.0020688700539819044,0,0,0,0,0.0,0.0,True
L,0.08794951438903809,21.9,22.2,0.0,0.0,0.0020865301696636283,0,0,0,0,0.0,0.0,True
L,0.08818840980529785,22.2,22.2,0.0,0.0,0.0020719793442513126,0,0,0,0,0.0,0.0,True
L,0.0909733772277832,21.9,22.2,0.0,0.0,0.0020663741828068735,0,0,0,0,0.0,0.0,True
L,0.0911107063293457,22.1,22.2,0.0,0.0,0.0020727554455327304,0,0,0,0,0.0,0.0,True
L,0.09119176864624023,22.1,22.2,0.0,0.0,0.002069294660417739,0,0,0,0,0.0,0.0,True
L,0.09102964401245117,22.0,22.2,0.0,0.0,0.0020782633953746665,0,0,0,0,0.0,0.0,True
L,0.09082555770874023,22.1,22.2,0.0,0.0,0.0020571065620513477,0,0,0,0,0.0,0.0,True
L,0.0922706127166748,21.9,22.2,0.0,0.0,0.00209276330255639,0,0,0,0,0.0,0.0,True
L,0.08938741683959961,22.1,22.2,0.0,0.0,0.0020697807213739703,0,0,0,0,0.0,0.0,True
L,0.09071874618530273,21.6,22.2,0.0,0.0,0.002067263637191377,0,0,0,0,0.0,0.0,True
L,0.09777450561523438,22.1,22.2,0.0,0.0,0.002073613223273405,0,0,0,0,0.0,0.0,True
L,0.08918261528015137,22.3,22.2,0.0,0.0,0.0020644713030298534,0,0,0,0,0.0,0.0,True
L,0.08834385871887207,21.9,22.2,0.0,0.0,0.0020674928165415963,0,0,0,0,0.0,0.0,True
L,0.08860635757446289,21.7,22.2,0.0,0.0,0.0020663713200962186,0,0,0,0,0.0,0.0,True
L,0.08864665031433105,22.1,22.2,0.0,0.0,0.002081537689680565,0,0,0,0,0.0,0.0,True
L,0.08881378173828125,22.3,22.2,0.0,0.0,0.0020702675357682507,0,0,0,0,0.0,0.0,True
L,0.09101080894470215,22.2,22.2,0.0,0.0,0.00207543653473744,0,0,0,0,0.0,0.0,True
L,0.0920109748840332,22.0,22.2,0.0,0.0,0.0020707173653187255,0,0,0,0,0.0,0.0,True
L,0.09091687202453613,22.2,22.2,0.0,0.0,0.002065813527068573,0,0,0,0,0.0,0.0,True
L,0.0893087387084961,22.2,22.2,0.0,0.0,0.002071169205336562,0,0,0,0,0.0,0.0,True
L,0.08939218521118164,21.9,22.2,0.0,0.0,0.002068446231174623,0,0,0,0,0.0,0.0,True
L,0.0901486873626709,22.2,22.2,0.0,0.0,0.002082774799864501,0,0,0,0,0.0,0.0,True
L,0.08944344520568848,21.8,22.2,0.0,0.0,0.002073165509276154,0,0,0,0,0.0,0.0,True
L,0.09125709533691406,21.8,22.2,0.0,0.0,0.0020745304055985628,0,0,0,0,0.0,0.0,True
L,0.08822822570800781,22.3,22.2,0.0,0.0,0.002070551792775564,0,0,0,0,0.0,0.0,True
L,0.09123587608337402,21.9,22.2,0.0,0.0,0.0020675031571226114,0,0,0,0,0.0,0.0,True
L,0.09354948997497559,21.8,22.2,0.0,0.0,0.0020691555747121364,0,0,0,0,0.0,0.0,True
L,0.09113550186157227,22.2,22.2,0.0,0.0,0.002067994307206475,0,0,0,0,0.0,0.0,True
L,0.09097790718078613,21.9,22.2,0.0,0.0,0.0020829551268946775,0,0,0,0,0.0,0.0,True
L,0.08941841125488281,22.0,22.2,0.0,0.0,0.002075661878127825,0,0,0,0,0.0,0.0,True
L,0.09069156646728516,22.0,22.2,0.0,0.0,0.002085810813779808,0,0,0,0,0.0,0.0,True
L,0.08843326568603516,21.5,22.2,0.0,0.0,0.002077920222860835,0,0,0,0,0.0,0.0,True
L,0.08829760551452637,21.9,22.2,0.0,0.0,0.0020645058692180165,0,0,0,0,0.0,0.0,True
L,0.09036564826965332,21.9,22.2,0.0,0.0,0.0020753869192805395,0,0,0,0,0.0,0.0,True
L,0.08826994895935059,21.8,22.2,0.0,0.0,0.0020680935206340663,0,0,0,0,0.0,0.0,True
L,0.08852648735046387,22.3,22.2,0.0,0.0,0.0020911877672662622,0,0,0,0,0.0,0.0,True
L,0.08831381797790527,21.9,22.2,0.0,0.0,0.00207578800665894,0,0,0,0,0.0,0.0,True
L,0.08909320831298828,21.9,22.2,0.0,0.0,0.00206442050086223,0,0,0,0,0.0,0.0,True
L,0.08737683296203613,22.1,22.2,0.0,0.0,0.00207668683164004,0,0,0,0,0.0,0.0,True
L,0.0871419906616211,22.0,22.2,0.0,0.0,0.002069430784487119,0,0,0,0,0.0,0.0,True
L,0.08830142021179199,22.0,22.2,0.0,0.0,0.0020816146549615,0,0,0,0,0.0,0.0,True
L,0.08997344970703125,22.0,22.2,0.0,0.0,0.002069437144398355,0,0,0,0,0.0,0.0,True
L,0.0914764404296875,21.8,22.2,0.0,0.0,0.0020668261342018167,0,0,0,0,0.0,0.0,True
L,0.09146475791931152,21.9,22.2,0.0,0.0,0.0020698239982427165,0,0,0,0,0.0,0.0,True
L,0.09173035621643066,21.9,22.2,0.0,0.0,0.002068131139532354,0,0,0,0,0.0,0.0,True
L,0.09202980995178223,21.7,22.2,0.0,0.0,0.002075027545419497,0,0,0,0,0.0,0.0,True
L,0.08919572830200195,21.9,22.2,0.0,0.0,0.0020681324064357165,0,0,0,0,0.0,0.0,True
L,0.09009552001953125,22.1,22.2,0.0,0.0,0.002083699064648249,0,0,0,0,0.0,0.0,True
L,0.09212684631347656,22.0,22.2,0.0,0.0,0.0020707195233214907,0,0,0,0,0.0,0.0,True
L,0.0913083553314209,21.8,22.2,0.0,0.0,0.002071828927562042,0,0,0,0,0.0,0.0,True
L,0.08914685249328613,22.2,22.2,0.0,0.0,0.0020707173653187255,0,0,0,0,0.0,0.0,True
L,0.09015297889709473,22.2,22.2,0.0,0.0,0.002071054503023611,0,0,0,0,0.0,0.0,True
L,0.09241223335266113,21.8,22.2,0.0,0.0,0.0020679936500391854,0,0,0,0,0.0,0.0,True
L,0.09248924255371094,21.7,22.2,0.0,0.0,0.0020681659053265952,0,0,0,0,0.0,0.0,True
L,0.08903622627258301,21.7,22.2,0.0,0.0,0.0020807373358097095,0,0,0,0,0.0,0.0,True
L,0.09239649772644043,22.2,22.2,0.0,0.0,0.0020715775818055887,0,0,0,0,0.0,0.0,True
L,0.09015417098999023,21.9,22.2,0.0,0.0,0.0020874952302913715,0,0,0,0,0.0,0.0,True
L,0.08932805061340332,22.1,22.2,0.0,0.0,0.002069871919088316,0,0,0,0,0.0,0.0,True
L,0.09076523780822754,22.1,22.2,0.0,0.0,0.002071444353950371,0,0,0,0,0.0,0.0,True
L,0.09069252014160156,21.9,22.2,0.0,0.0,0.0020651672469604986,0,0,0,0,0.0,0.0,True
L,0.09075331687927246,22.2,22.2,0.0,0.0,0.0020681659053265952,0,0,0,0,0.0,0.0,True
L,0.09060335159301758,22.2,22.2,0.0,0.0,0.0020779251081722754,0,0,0,0,0.0,0.0,True
L,0.08830666542053223,22.1,22.2,0.0,0.0,0.0020720393035248337,0,0,0,0,0.0,0.0,True
L,0.08873772621154785,21.9,22.2,0.0,0.0,0.002075746315262002,0,0,0,0,0.0,0.0,True
L,0.0885164737701416,21.9,22.2,0.0,0.0,0.00207683442080979,0,0,0,0,0.0,0.0,True
L,0.08922028541564941,22.0,22.2,0.0,0.0,0.002071201303743161,0,0,0,0,0.0,0.0,True
L,0.0906684398651123,21.7,22.2,0.0,0.0,0.0020742257055036246,0,0,0,0,0.0,0.0,True
L,0.08748555183410645,22.0,22.2,0.0,0.0,0.002068283633910929,0,0,0,0,0.0,0.0,True
L,0.08631038665771484,22.1,22.2,0.0,0.0,0.0020913815514288386,0,0,0,0,0.0,0.0,True
L,0.08709025382995605,22.1,22.2,0.0,0.0,0.002081002292447238,0,0,0,0,0.0,0.0,True
L,0.08829522132873535,21.9,22.2,0.0,0.0,0.0020675377580739065,0,0,0,0,0.0,0.0,True
L,0.08848690986633301,22.2,22.2,0.0,0.0,0.0020794159705307355,0,0,0,0,0.0,0.0,True
L,0.08854174613952637,22.2,22.2,0.0,0.0,0.0020698926731064155,0,0,0,0,0.0,0.0,True
L,0.08871698379516602,21.9,22.2,0.0,0.0,0.002077540960080042,0,0,0,0,0.0,0.0,True
L,0.09265637397766113,21.8,22.2,0.0,0.0,0.002069867804983695,0,0,0,0,0.0,0.0,True
L,0.09374785423278809,22.1,22.2,0.0,0.0,0.002063663703504065,0,0,0,0,0.0,0.0,True
L,0.0888519287109375,22.2,22.2,0.0,0.0,0.0020707051339874274,0,0,0,0,0.0,0.0,True
L,0.08831191062927246,22.1,22.2,0.0,0.0,0.002061607185254447,0,0,0,0,0.0,0.0,True
L,0.08977842330932617,21.8,22.2,0.0,0.0,0.002076616878584693,0,0,0,0,0.0,0.0,True
L,0.09160614013671875,21.9,22.2,0.0,0.0,0.0020690069577424465,0,0,0,0,0.0,0.0,True
L,0.09172344207763672,21.9,22.2,0.0,0.0,0.0020887770534940764,0,0,0,0,0.0,0.0,True
L,0.09171891212463379,22.0,22.2,0.0,0.0,0.002070295736198814,0,0,0,0,0.0,0.0,True
L,0.08814764022827148,22.0,22.2,0.0,0.0,0.0020632397708273604,0,0,0,0,0.0,0.0,True
L,0.09102296829223633,22.3,22.2,0.0,0.0,0.002059548470722539,0,0,0,0,0.0,0.0,True
L,0.08221650123596191,22.2,22.2,0.0,0.0,0.0020709203158596296,0,0,0,0,0.0,0.0,True
L,0.07775473594665527,22.1,22.2,0.0,0.0,0.0020587037817985515,0,0,0,0,0.0,0.0,True
L,0.07871460914611816,21.9,22.2,0.0,0.0,0.0020770508374688,0,0,0,0,0.0,0.0,True
L,0.07908773422241211,21.8,22.2,0.0,0.0,0.0020695915282215884,0,0,0,0,0.0,0.0,True
L,0.07857418060302734,21.9,22.2,0.0,0.0,0.0020699021864192457,0,0,0,0,0.0,0.0,True
L,0.07781195640563965,21.8,22.2,0.0,0.0,0.0020611780198847027,0,0,0,0,0.0,0.0,True
L,0.07985877990722656,22.1,22.2,0.0,0.0,0.002080038318777553,0,0,0,0,0.0,0.0,True
L,0.07706522941589355,21.9,22.2,0.0,0.0,0.002082328019883807,0,0,0,0,0.0,0.0,True
L,0.07770991325378418,22.0,22.2,0.0,0.0,0.00207365238719464,0,0,0,0,0.0,0.0,True
L,0.08405494689941406,22.2,22.2,0.0,0.0,0.002065418993146459,0,0,0,0,0.0,0.0,True
L,0.08087015151977539,21.7,22.2,0.0,0.0,0.0020817325118384702,0,0,0,0,0.0,0.0,True
L,0.08058857917785645,22.2,22.2,0.0,0.0,0.0020750042406265023,0,0,0,0,0.0,0.0,True
L,0.07823586463928223,22.1,22.2,0.0,0.0,0.0020664100904182244,0,0,0,0,0.0,0.0,True
L,0.07750272750854492,22.1,22.2,0.0,0.0,0.0020577467987531735,0,0,0,0,0.0,0.0,True
L,0.07792496681213379,22.0,22.2,0.0,0.0,0.002087019018230508,0,0,0,0,0.0,0.0,True
L,0.07689023017883301,21.6,22.2,0.0,0.0,0.002078167707704241,0,0,0,0,0.0,0.0,True
L,0.07700729370117188,22.2,22.2,0.0,0.0,0.002060237993510506,0,0,0,0,0.0,0.0,True
L,0.07676124572753906,22.0,22.2,0.0,0.0,0.0020743241762932493,0,0,0,0,0.0,0.0,True
L,0.07772493362426758,22.0,22.2,0.0,0.0,0.0020696201821026137,0,0,0,0,0.0,0.0,True
L,0.08490443229675293,21.9,22.2,0.0,0.0,0.0020729029050411438,0,0,0,0,0.0,0.0,True
L,0.08370780944824219,22.0,22.2,0.0,0.0,0.0020695390411066632,0,0,0,0,0.0,0.0,True
L,0.07790613174438477,22.2,22.2,0.0,0.0,0.0020625020108514286,0,0,0,0,0.0,0.0,True
L,0.07674932479858398,21.8,22.2,0.0,0.0,0.0020822288381713446,0,0,0,0,0.0,0.0,True
L,0.077789306640625,22.1,22.2,0.0,0.0,0.0020781065895661586,0,0,0,0,0.0,0.0,True
L,0.07774591445922852,21.9,22.2,0.0,0.0,0.002067013263124942,0,0,0,0,0.0,0.0,True
L,0.07841658592224121,22.0,22.2,0.0,0.0,0.0020642101400141504,0,0,0,0,0.0,0.0,True
L,0.0779581069946289,22.1,22.2,0.0,0.0,0.002069959686035967,0,0,0,0,0.0,0.0,True
L,0.07724380493164062,22.3,22.2,0.0,0.0,0.002081039470828127,0,0,0,0,0.0,0.0,True
L,0.07703661918640137,21.7,22.2,0.0,0.0,0.002073687292324682,0,0,0,0,0.0,0.0,True
L,0.08243203163146973,22.0,22.2,0.0,0.0,0.002066752057996759,0,0,0,0,0.0,0.0,True
L,0.08738398551940918,21.8,22.2,0.0,0.0,0.0020757317465876115,0,0,0,0,0.0,0.0,True
L,0.08354401588439941,21.9,22.2,0.0,0.0,0.0020690224643954884,0,0,0,0,0.0,0.0,True
L,0.08291101455688477,21.9,22.2,0.0,0.0,0.0020650757802090055,0,0,0,0,0.0,0.0,True
L,0.08391475677490234,21.9,22.2,0.0,0.0,0.002079439107760575,0,0,0,0,0.0,0.0,True
L,0.08358120918273926,21.9,22.2,0.0,0.0,0.0020720295845151624,0,0,0,0,0.0,0.0,True
L,0.08533143997192383,21.9,22.2,0.0,0.0,0.002064614408361221,0,0,0,0,0.0,0.0,True
L,0.08244800567626953,21.9,22.2,0.0,0.0,0.002080753429977246,0,0,0,0,0.0,0.0,True
L,0.07762765884399414,22.2,22.2,0.0,0.0,0.00207546107097709,0,0,0,0,0.0,0.0,True
L,0.07894039154052734,22.0,22.2,0.0,0.0,0.0020724728295663055,0,0,0,0,0.0,0.0,True
L,0.0771934986114502,22.4,22.2,0.0,0.0,0.002062872922888977,0,0,0,0,0.0,0.0,True
L,0.07632756233215332,22.0,22.2,0.0,0.0,0.0020784206541850803,0,0,0,0,0.0,0.0,True
L,0.07658720016479492,22.0,22.2,0.0,0.0,0.0020838534387201445,0,0,0,0,0.0,0.0,True
L,0.07629799842834473,22.2,22.2,0.0,0.0,0.0020741043992832876,0,0,0,0,0.0,0.0,True
L,0.07649588584899902,22.1,22.2,0.0,0.0,0.00207161111934703,0,0,0,0,0.0,0.0,True
L,0.07633113861083984,22.3,22.2,0.0,0.0,0.002067147781219412,0,0,0,0,0.0,0.0,True
L,0.08067584037780762,21.9,22.2,0.0,0.0,0.0020846795670504317,0,0,0,0,0.0,0.0,True
L,0.08875203132629395,22.0,22.2,0.0,0.0,0.002073667868924875,0,0,0,0,0.0,0.0,True
L,0.08531975746154785,21.8,22.2,0.0,0.0,0.0020637581769776523,0,0,0,0,0.0,0.0,True
L,0.08686351776123047,21.7,22.2,0.0,0.0,0.002073811446476676,0,0,0,0,0.0,0.0,True
L,0.08627176284790039,22.1,22.2,0.0,0.0,0.002069280787631962,0,0,0,0,0.0,0.0,True
L,0.08645963668823242,22.2,22.2,0.0,0.0,0.0020692322072474903,0,0,0,0,0.0,0.0,True
L,0.08613348007202148,22.1,22.2,0.0,0.0,0.0020875775370726027,0,0,0,0,0.0,0.0,True
L,0.08566570281982422,21.9,22.2,0.0,0.0,0.0020668189016633826,0,0,0,0,0.0,0.0,True
L,0.08552074432373047,22.1,22.2,0.0,0.0,0.0020789063116751303,0,0,0,0,0.0,0.0,True
L,0.0880429744720459,21.9,22.2,0.0,0.0,0.002075375353342595,0,0,0,0,0.0,0.0,True
L,0.08506226539611816,22.2,22.2,0.0,0.0,0.0020693322562391546,0,0,0,0,0.0,0.0,True
L,0.08580732345581055,21.6,22.2,0.0,0.0,0.0020752427087467776,0,0,0,0,0.0,0.0,True
L,0.08666205406188965,22.2,22.2,0.0,0.0,0.002073751628587352,0,0,0,0,0.0,0.0,True
L,0.08662676811218262,22.1,22.2,0.0,0.0,0.0020662576715472854,0,0,0,0,0.0,0.0,True
L,0.08705687522888184,22.0,22.2,0.0,0.0,0.002079197012631219,0,0,0,0,0.0,0.0,True
L,0.08849453926086426,22.2,22.2,0.0,0.0,0.0020715131446043525,0,0,0,0,0.0,0.0,True
L,0.08492803573608398,22.1,22.2,0.0,0.0,0.0020874669105298807,0,0,0,0,0.0,0.0,True
L,0.08925509452819824,21.8,22.2,0.0,0.0,0.002069871919088316,0,0,0,0,0.0,0.0,True
L,0.0875706672668457,21.9,22.2,0.0,0.0,0.0020668608069570197,0,0,0,0,0.0,0.0,True
L,0.08798050880432129,22.1,22.2,0.0,0.0,0.0020793671087623454,0,0,0,0,0.0,0.0,True
L,0.08692693710327148,21.9,22.2,0.0,0.0,0.0020719303166336035,0,0,0,0,0.0,0.0,True
L,0.08639311790466309,21.9,22.2,0.0,0.0,0.0020759167119093727,0,0,0,0,0.0,0.0,True
L,0.08640384674072266,22.0,22.2,0.0,0.0,0.002075487010239782,0,0,0,0,0.0,0.0,True
L,0.08642029762268066,22.3,22.2,0.0,0.0,0.0020663713200962186,0,0,0,0,0.0,0.0,True
L,0.09275197982788086,22.2,22.2,0.0,0.0,0.002081223516884197,0,0,0,0,0.0,0.0,True
L,0.0847465991973877,22.1,22.2,0.0,0.0,0.0020744998934883203,0,0,0,0,0.0,0.0,True
L,0.08786416053771973,21.9,22.2,0.0,0.0,0.0020692975556906284,0,0,0,0,0.0,0.0,True
L,0.09085464477539062,21.9,22.2,0.0,0.0,0.0020727595639347105,0,0,0,0,0.0,0.0,True
L,0.0864713191986084,21.9,22.2,0.0,0.0,0.0020662528147780256,0,0,0,0,0.0,0.0,True
L,0.08508610725402832,22.2,22.2,0.0,0.0,0.002084629220041694,0,0,0,0,0.0,0.0,True
L,0.08820486068725586,21.9,22.2,0.0,0.0,0.0020749136387848274,0,0,0,0,0.0,0.0,True
L,0.08917760848999023,21.6,22.2,0.0,0.0,0.002070451130036865,0,0,0,0,0.0,0.0,True
L,0.08511590957641602,21.8,22.2,0.0,0.0,0.002082254619991251,0,0,0,0,0.0,0.0,True
L,0.08832454681396484,21.9,22.2,0.0,0.0,0.002071405796535975,0,0,0,0,0.0,0.0,True
L,0.08757519721984863,22.0,22.2,0.0,0.0,0.002082462254452122,0,0,0,0,0.0,0.0,True
L,0.08650970458984375,22.1,22.2,0.0,0.0,0.0020770770946731357,0,0,0,0,0.0,0.0,True
L,0.08790230751037598,22.1,22.2,0.0,0.0,0.0020732012915579668,0,0,0,0,0.0,0.0,True
L,0.08872413635253906,21.8,22.2,0.0,0.0,0.0020646013740082095,0,0,0,0,0.0,0.0,True
L,0.08761858940124512,22.2,22.2,0.0,0.0,0.0020779644762583234,0,0,0,0,0.0,0.0,True
L,0.08706378936767578,21.8,22.2,0.0,0.0,0.002068709794179054,0,0,0,0,0.0,0.0,True
L,0.08889603614807129,21.9,22.2,0.0,0.0,0.0020680390012576756,0,0,0,0,0.0,0.0,True
L,0.08684682846069336,22.0,22.2,0.0,0.0,0.002070240724686521,0,0,0,0,0.0,0.0,True
L,0.08905196189880371,22.0,22.2,0.0,0.0,0.00208044951037111,0,0,0,0,0.0,0.0,True
L,0.08753442764282227,22.0,22.2,0.0,0.0,0.0020707290708362226,0,0,0,0,0.0,0.0,True
L,0.08584094047546387,22.2,22.2,0.0,0.0,0.002071082610902865,0,0,0,0,0.0,0.0,True
L,0.08744692802429199,22.1,22.2,0.0,0.0,0.0020768711222581703,0,0,0,0,0.0,0.0,True
L,0.08546304702758789,22.2,22.2,0.0,0.0,0.002072034956558457,0,0,0,0,0.0,0.0,True
L,0.08909988403320312,21.9,22.2,0.0,0.0,0.002084608884542336,0,0,0,0,0.0,0.0,True
L,0.08657169342041016,22.3,22.2,0.0,0.0,0.0020745874150173054,0,0,0,0,0.0,0.0,True
L,0.08749938011169434,22.2,22.2,0.0,0.0,0.0020739309541678427,0,0,0,0,0.0,0.0,True
L,0.08962178230285645,22.0,22.2,0.0,0.0,0.0020782019479105764,0,0,0,0,0.0,0.0,True
L,0.08784914016723633,22.3,22.2,0.0,0.0,0.002069430784487119,0,0,0,0,0.0,0.0,True
L,0.08749961853027344,21.9,22.2,0.0,0.0,0.0020741199272838505,0,0,0,0,0.0,0.0,True
L,0.08928346633911133,22.0,22.2,0.0,0.0,0.0020677858363481036,0,0,0,0,0.0,0.0,True
L,0.08679676055908203,22.0,22.2,0.0,0.0,0.0020664088502102317,0,0,0,0,0.0,0.0,True
L,0.08995509147644043,21.8,22.2,0.0,0.0,0.0020816852117892114,0,0,0,0,0.0,0.0,True
L,0.08804464340209961,21.8,22.2,0.0,0.0,0.002074985554868187,0,0,0,0,0.0,0.0,True
L,0.08775544166564941,21.8,22.2,0.0,0.0,0.002075031335584286,0,0,0,0,0.0,0.0,True
L,0.09095168113708496,22.2,22.2,0.0,0.0,0.0020706618626306675,0,0,0,0,0.0,0.0,True
L,0.09040355682373047,22.4,22.2,0.0,0.0,0.0020684416908761413,0,0,0,0,0.0,0.0,True
L,0.08785200119018555,22.1,22.2,0.0,0.0,0.002080061234000483,0,0,0,0,0.0,0.0,True
L,0.08713388442993164,21.9,22.2,0.0,0.0,0.0020649909169373993,0,0,0,0,0.0,0.0,True
L,0.09377527236938477,21.9,22.2,0.0,0.0,0.0020819897272086963,0,0,0,0,0.0,0.0,True
L,0.08502936363220215,21.7,22.2,0.0,0.0,0.0020775219647944407,0,0,0,0,0.0,0.0,True
L,0.08693385124206543,21.9,22.2,0.0,0.0,0.0020714931350077443,0,0,0,0,0.0,0.0,True
L,0.08630490303039551,22.3,22.2,0.0,0.0,0.002082023426001961,0,0,0,0,0.0,0.0,True
L,0.08879852294921875,22.3,22.2,0.0,0.0,0.002077146531696459,0,0,0,0,0.0,0.0,True
L,0.08822989463806152,22.1,22.2,0.0,0.0,0.002077512752705272,0,0,0,0,0.0,0.0,True
L,0.08681583404541016,22.2,22.2,0.0,0.0,0.0020647908284821526,0,0,0,0,0.0,0.0,True
L,0.08637022972106934,21.9,22.2,0.0,0.0,0.0020798378213776883,0,0,0,0,0.0,0.0,True
L,0.08530044555664062,21.7,22.2,0.0,0.0,0.002081356868525341,0,0,0,0,0.0,0.0,True
L,0.094390869140625,22.0,22.2,0.0,0.0,0.002073757025661222,0,0,0,0,0.0,0.0,True
L,0.08698511123657227,21.6,22.2,0.0,0.0,0.002069593910727958,0,0,0,0,0.0,0.0,True
L,0.08836627006530762,21.8,22.2,0.0,0.0,0.0020650215137355977,0,0,0,0,0.0,0.0,True
L,0.08803772926330566,22.0,22.2,0.0,0.0,0.0020719029420004334,0,0,0,0,0.0,0.0,True
L,0.08684325218200684,22.3,22.2,0.0,0.0,0.0020806632416858575,0,0,0,0,0.0,0.0,True
L,0.08842778205871582,21.7,22.2,0.0,0.0,0.002077668102168729,0,0,0,0,0.0,0.0,True
L,0.0875859260559082,22.1,22.2,0.0,0.0,0.002064215383818731,0,0,0,0,0.0,0.0,True
L,0.0904092788696289,21.9,22.2,0.0,0.0,0.002064646133153079,0,0,0,0,0.0,0.0,True
L,0.08866691589355469,22.3,22.2,0.0,0.0,0.0020694642978966,0,0,0,0,0.0,0.0,True
L,0.09597516059875488,21.8,22.2,0.0,0.0,0.00207384627511025,0,0,0,0,0.0,0.0,True
L,0.08550596237182617,22.1,22.2,0.0,0.0,0.0020729205003808216,0,0,0,0,0.0,0.0,True
L,0.12123870849609375,21.9,22.2,0.0,0.0,0.002066836667154512,0,0,0,0,0.0,0.0,True
L,0.08784008026123047,22.2,22.2,0.0,0.0,0.002066014291559848,0,0,0,0,0.0,0.0,True
L,0.09168815612792969,22.1,22.2,0.0,0.0,0.0020779954347933402,0,0,0,0,0.0,0.0,True
L,0.08622121810913086,21.8,22.2,0.0,0.0,0.0020682031759934076,0,0,0,0,0.0,0.0,True
L,0.0865182876586914,22.1,22.2,0.0,0.0,0.002084968059507422,0,0,0,0,0.0,0.0,True
L,0.0851905345916748,22.0,22.2,0.0,0.0,0.0020779715841793512,0,0,0,0,0.0,0.0,True
L,0.08707809448242188,21.9,22.2,0.0,0.0,0.0020624675720838817,0,0,0,0,0.0,0.0,True
L,0.08514213562011719,21.7,22.2,0.0,0.0,0.002083342243339326,0,0,0,0,0.0,0.0,True
L,0.08705615997314453,21.9,22.2,0.0,0.0,0.002075013784303512,0,0,0,0,0.0,0.0,True
L,0.08687472343444824,21.9,22.2,0.0,0.0,0.00206160246446871,0,0,0,0,0.0,0.0,True
L,0.0871436595916748,21.6,22.2,0.0,0.0,0.0020710723448881985,0,0,0,0,0.0,0.0,True
L,0.08668017387390137,21.9,22.2,0.0,0.0,0.0020728115037431864,0,0,0,0,0.0,0.0,True
L,0.08673405647277832,21.8,22.2,0.0,0.0,0.0020861970109872364,0,0,0,0,0.0,0.0,True
L,0.0871896743774414,22.1,22.2,0.0,0.0,0.0020783963173002036,0,0,0,0,0.0,0.0,True
L,0.08591055870056152,22.0,22.2,0.0,0.0,0.002066300106870674,0,0,0,0,0.0,0.0,True
L,0.08412456512451172,22.2,22.2,0.0,0.0,0.002077744742836402,0,0,0,0,0.0,0.0,True
L,0.08959603309631348,21.8,22.2,0.0,0.0,0.002074632779039534,0,0,0,0,0.0,0.0,True
L,0.08773469924926758,22.2,22.2,0.0,0.0,0.002056177124767991,0,0,0,0,0.0,0.0,True
L,0.0859534740447998,21.9,22.2,0.0,0.0,0.0020798124074030678,0,0,0,0,0.0,0.0,True
L,0.08574104309082031,21.9,22.2,0.0,0.0,0.0020698272571365427,0,0,0,0,0.0,0.0,True
L,0.08771061897277832,21.8,22.2,0.0,0.0,0.002080630052878076,0,0,0,0,0.0,0.0,True
L,0.0865945816040039,22.0,22.2,0.0,0.0,0.002072197987300575,0,0,0,0,0.0,0.0,True
L,0.08729195594787598,22.3,22.2,0.0,0.0,0.002069441215624881,0,0,0,0,0.0,0.0,True
L,0.09258842468261719,21.5,22.2,0.0,0.0,0.002073812963137496,0,0,0,0,0.0,0.0,True
L,0.08493185043334961,22.0,22.2,0.0,0.0,0.0020694655649063647,0,0,0,0,0.0,0.0,True
L,0.0873267650604248,22.1,22.2,0.0,0.0,0.0020802285670432634,0,0,0,0,0.0,0.0,True
L,0.08745598793029785,22.0,22.2,0.0,0.0,0.002073506300366559,0,0,0,0,0.0,0.0,True
L,0.08782100677490234,22.2,22.2,0.0,0.0,0.002070387637437646,0,0,0,0,0.0,0.0,True
L,0.08737564086914062,22.1,22.2,0.0,0.0,0.00207788894224262,0,0,0,0,0.0,0.0,True
L,0.08630537986755371,21.6,22.2,0.0,0.0,0.002074707868611721,0,0,0,0,0.0,0.0,True
L,0.08532094955444336,21.8,22.2,0.0,0.0,0.0020664088502102317,0,0,0,0,0.0,0.0,True
L,0.08899164199829102,22.2,22.2,0.0,0.0,0.0020726499313758143,0,0,0,0,0.0,0.0,True
L,0.08834266662597656,22.2,22.2,0.0,0.0,0.0020621860302595264,0,0,0,0,0.0,0.0,True
L,0.0877225399017334,22.0,22.2,0.0,0.0,0.0020895053356813045,0,0,0,0,0.0,0.0,True
L,0.08680486679077148,22.1,22.2,0.0,0.0,0.0020682192327266097,0,0,0,0,0.0,0.0,True
L,0.08667969703674316,21.7,22.2,0.0,0.0,0.0020659657378658,0,0,0,0,0.0,0.0,True
L,0.08697700500488281,22.0,22.2,0.0,0.0,0.0020765078552872455,0,0,0,0,0.0,0.0,True
L,0.08514833450317383,21.9,22.2,0.0,0.0,0.0020755214675319345,0,0,0,0,0.0,0.0,True
L,0.0893104076385498,22.1,22.2,0.0,0.0,0.002064667325451405,0,0,0,0,0.0,0.0,True
L,0.08662772178649902,22.1,22.2,0.0,0.0,0.002070719283103547,0,0,0,0,0.0,0.0,True
L,0.08829975128173828,22.0,22.2,0.0,0.0,0.0020655228864200066,0,0,0,0,0.0,0.0,True
L,0.08759593963623047,21.9,22.2,0.0,0.0,0.0020780927957259167,0,0,0,0,0.0,0.0,True
L,0.08698892593383789,21.7,22.2,0.0,0.0,0.002072174136851697,0,0,0,0,0.0,0.0,True
L,0.0866537094116211,22.2,22.2,0.0,0.0,0.0020698584847305777,0,0,0,0,0.0,0.0,True
L,0.08886194229125977,21.9,22.2,0.0,0.0,0.0020802175814279822,0,0,0,0,0.0,0.0,True
L,0.08529472351074219,21.8,22.2,0.0,0.0,0.002071892561908275,0,0,0,0,0.0,0.0,True
L,0.08905196189880371,22.3,22.2,0.0,0.0,0.002077382489704294,0,0,0,0,0.0,0.0,True
L,0.08597731590270996,22.3,22.2,0.0,0.0,0.002073812220905069,0,0,0,0,0.0,0.0,True
L,0.08868622779846191,22.0,22.2,0.0,0.0,0.0020738047456375333,0,0,0,0,0.0,0.0,True
L,0.08677411079406738,22.0,22.2,0.0,0.0,0.002068031426118927,0,0,0,0,0.0,0.0,True
L,0.08557891845703125,22.0,22.2,0.0,0.0,0.0020787685952154892,0,0,0,0,0.0,0.0,True
L,0.0863797664642334,22.4,22.2,0.0,0.0,0.0020655743348491767,0,0,0,0,0.0,0.0,True
L,0.08544802665710449,22.1,22.2,0.0,0.0,0.002078663303364642,0,0,0,0,0.0,0.0,True
L,0.08692717552185059,22.2,22.2,0.0,0.0,0.0020734095826224807,0,0,0,0,0.0,0.0,True
L,0.0868525505065918,22.2,22.2,0.0,0.0,0.0020674113809930937,0,0,0,0,0.0,0.0,True
L,0.08480072021484375,21.8,22.2,0.0,0.0,0.002072866870495403,0,0,0,0,0.0,0.0,True
L,0.08700704574584961,22.0,22.2,0.0,0.0,0.0020683117610938856,0,0,0,0,0.0,0.0,True
L,0.09363961219787598,21.8,22.2,0.0,0.0,0.002078763466547743,0,0,0,0,0.0,0.0,True
L,0.08876419067382812,21.7,22.2,0.0,0.0,0.0020670405883267445,0,0,0,0,0.0,0.0,True
L,0.08730840682983398,22.0,22.2,0.0,0.0,0.0020650478397071606,0,0,0,0,0.0,0.0,True
L,0.08864855766296387,22.2,22.2,0.0,0.0,0.002069190142124081,0,0,0,0,0.0,0.0,True
L,0.08901596069335938,21.8,22.2,0.0,0.0,0.002063014763557566,0,0,0,0,0.0,0.0,True
L,0.08678674697875977,21.9,22.2,0.0,0.0,0.002078327228551638,0,0,0,0,0.0,0.0,True
L,0.0865774154663086,21.8,22.2,0.0,0.0,0.002072985771150191,0,0,0,0,0.0,0.0,True
L,0.08663558959960938,21.8,22.2,0.0,0.0,0.002064713793724887,0,0,0,0,0.0,0.0,True
L,0.08878135681152344,22.0,22.2,0.0,0.0,0.002077898802560997,0,0,0,0,0.0,0.0,True
L,0.09041929244995117,21.9,22.2,0.0,0.0,0.0020703595368372057,0,0,0,0,0.0,0.0,True
L,0.08835053443908691,22.3,22.2,0.0,0.0,0.0020822190419871214,0,0,0,0,0.0,0.0,True
L,0.08454394340515137,22.1,22.2,0.0,0.0,0.0020717502956964767,0,0,0,0,0.0,0.0,True
L,0.08515310287475586,22.3,22.2,0.0,0.0,0.002069054443477217,0,0,0,0,0.0,0.0,True
L,0.0849151611328125,22.1,22.2,0.0,0.0,0.0020731244634704755,0,0,0,0,0.0,0.0,True
L,0.08577871322631836,22.1,22.2,0.0,0.0,0.00207640262797811,0,0,0,0,0.0,0.0,True
L,0.08694815635681152,21.9,22.2,0.0,0.0,0.0020680984693977416,0,0,0,0,0.0,0.0,True
L,0.08687710762023926,21.8,22.2,0.0,0.0,0.0020737974194519854,0,0,0,0,0.0,0.0,True
L,0.08924984931945801,22.0,22.2,0.0,0.0,0.0020668765807557565,0,0,0,0,0.0,0.0,True
L,0.08883166313171387,22.3,22.2,0.0,0.0,0.002090562369139128,0,0,0,0,0.0,0.0,True
L,0.0855410099029541,22.1,22.2,0.0,0.0,0.0020760070565328925,0,0,0,0,0.0,0.0,True
L,0.08793354034423828,21.8,22.2,0.0,0.0,0.00206483228855491,0,0,0,0,0.0,0.0,True
L,0.0898594856262207,21.9,22.2,0.0,0.0,0.0020832842304007765,0,0,0,0,0.0,0.0,True
